{"stats":{"minecraft:killed":{"unusualprehistory:megatherium":1,"minecraft:pig":1,"aether:golden_swet":1,"minecraft:spider":1,"minecraft:creeper":3,"minecraft:skeleton":1,"aether:zephyr":1,"what_gecko:bearded_dragon":1,"born_in_chaos_v1:dread_hound":2,"born_in_chaos_v1:corpse_fly":1},"minecraft:custom":{"minecraft:interact_with_anvil":5,"minecraft:mob_kills":14,"minecraft:damage_dealt_resisted":0,"minecraft:leave_game":13,"minecraft:time_since_death":404946,"minecraft:time_since_rest":404946,"minecraft:sprint_one_cm":388229,"minecraft:walk_one_cm":545409,"minecraft:drop":9,"minecraft:damage_dealt":1336,"minecraft:damage_dealt_absorbed":113,"minecraft:fly_one_cm":12563619,"minecraft:crouch_one_cm":11692,"minecraft:play_time":404946,"tombstone:undead_killed":1,"minecraft:sneak_time":6214,"minecraft:walk_under_water_one_cm":1165,"minecraft:jump":911,"minecraft:walk_on_water_one_cm":83,"minecraft:total_world_time":707299},"minecraft:mined":{"minecraft:grass_block":617,"minecraft:dirt":363,"minecraft:stone":15},"minecraft:dropped":{"minecraft:wheat_seeds":3,"minecraft:lime_wool":1,"minecraft:oak_fence":1,"minecraft:grass_block":1,"minecraft:dirt":64,"aether:chainmail_gloves":2,"minecraft:black_wool":1,"minecraft:spruce_sapling":1},"minecraft:picked_up":{"born_in_chaos_v1:corpse_maggot":1,"minecraft:gunpowder":4,"regions_unexplored:salmon_poppy_bush":4,"minecraft:string":1,"minecraft:dirt":775,"regions_unexplored:poppy_bush":1,"minecraft:bone":4,"minecraft:blue_orchid":1,"minecraft:orange_tulip":1,"minecraft:wheat_seeds":4,"twigs:pebble":2,"iwannaskate:skateboard":1,"regions_unexplored:day_lily":2,"minecraft:spruce_sapling":1,"minecraft:arrow":1,"minecraft:peony":1,"untamedwilds:trap_cage":1,"minecraft:glowstone":1,"minecraft:cobblestone":1,"minecraft:sunflower":12},"minecraft:used":{"minecraft:trident":21,"minecraft:netherite_sword":8,"minecraft:dirt_path":30,"bountiful_critters:marine_iguana_spawn_egg":1,"domum_ornamentum:blockbarreldeco_standing":1,"minecraft:spruce_slab":12,"minecraft:lime_wool":150,"minecraft:stone":8,"untamedwilds:trap_cage":1,"minecraft_121_update:waxedcoppergrates":5,"soulslikeuniverse:lightningspear":5,"minecraft:dirt":663,"soulslikeuniverse:blackblade":1,"minecraft:sand":2,"minecraft:anvil":3,"minecraft:oak_slab":15,"minecraft:cobblestone_wall":19,"minecraft:jungle_slab":7,"minecraft:dark_oak_fence_gate":27,"easy_npc:humanoid_spawn_egg":4,"minecraft:deepslate_tile_wall":8,"aether:golden_swet_spawn_egg":1,"littleframes:creative_pic_frame":5,"minecraft:diamond_pickaxe":15,"minecraft:black_wool":93,"minecraft:netherite_shovel":981,"iwannaskate:skateboard":1,"minecraft:birch_slab":2,"mcwwindows:blackstone_four_window":3,"minecraft:grass_block":810,"regions_unexplored:salmon_poppy_bush":1,"cfm:stripped_dark_oak_upgraded_gate":1,"minecraft:dark_oak_slab":1,"regions_unexplored:aster":2,"what_gecko:bearded_dragon_2_spawn_egg":3,"minecraft:dark_oak_fence":170,"minecraft:chain":1,"minecraft:andesite":16,"justenoughdrugz:hazmat_leggings":1,"minecraft:smooth_stone_slab":46,"justenoughdrugz:hazmat_shirt":1,"justenoughdrugz:hazmat_mask":1,"born_in_chaos_v1:dark_grid":31,"unusualprehistory:megatherium_spawn_egg":1,"justenoughdrugz:hazmat_shoes":1,"aether:zephyr_spawn_egg":1,"minecraft:lime_glazed_terracotta":239}},"DataVersion":3465}