{"stats":{"minecraft:custom":{"minecraft:interact_with_anvil":5,"minecraft:mob_kills":26,"minecraft:damage_dealt_resisted":0,"minecraft:leave_game":16,"minecraft:time_since_death":423311,"minecraft:time_since_rest":423311,"minecraft:sprint_one_cm":408458,"minecraft:walk_one_cm":564410,"minecraft:drop":14,"minecraft:damage_dealt":3462,"minecraft:damage_dealt_absorbed":113,"minecraft:fly_one_cm":12785381,"minecraft:crouch_one_cm":11786,"minecraft:play_time":423311,"tombstone:undead_killed":7,"minecraft:sneak_time":6291,"minecraft:walk_under_water_one_cm":1165,"minecraft:jump":1034,"minecraft:walk_on_water_one_cm":83,"minecraft:total_world_time":760678},"minecraft:mined":{"minecraft:grass_block":617,"minecraft:dirt":363,"minecraft:stone":15},"minecraft:used":{"minecraft:trident":21,"easy_npc:easy_npc_wand":5,"minecraft:netherite_sword":36,"minecraft:dirt_path":30,"bountiful_critters:marine_iguana_spawn_egg":1,"domum_ornamentum:blockbarreldeco_standing":1,"minecraft:spruce_slab":12,"minecraft:lime_wool":150,"minecraft:stone":8,"untamedwilds:trap_cage":1,"minecraft_121_update:waxedcoppergrates":5,"soulslikeuniverse:lightningspear":5,"minecraft:dirt":663,"soulslikeuniverse:blackblade":1,"minecraft:sand":2,"minecraft:anvil":3,"minecraft:oak_slab":15,"minecraft:cobblestone_wall":19,"minecraft:jungle_slab":7,"minecraft:dark_oak_fence_gate":27,"easy_npc:humanoid_spawn_egg":4,"minecraft:deepslate_tile_wall":8,"aether:golden_swet_spawn_egg":1,"minecraft:diamond_pickaxe":15,"minecraft:black_wool":93,"minecraft:netherite_shovel":981,"iwannaskate:skateboard":1,"minecraft:birch_slab":2,"regions_unexplored:salmon_poppy_bush":1,"mcwwindows:blackstone_four_window":3,"minecraft:grass_block":810,"cfm:stripped_dark_oak_upgraded_gate":1,"minecraft:dark_oak_slab":1,"regions_unexplored:aster":2,"what_gecko:bearded_dragon_2_spawn_egg":3,"spawn:rotten_trapdoor":7,"minecraft:dark_oak_fence":170,"minecraft:chain":1,"minecraft:andesite":16,"justenoughdrugz:hazmat_leggings":1,"minecraft:smooth_stone_slab":46,"justenoughdrugz:hazmat_shirt":1,"justenoughdrugz:hazmat_mask":1,"justenoughdrugz:hazmat_shoes":1,"aether:zephyr_spawn_egg":1,"born_in_chaos_v1:dark_grid":43,"unusualprehistory:megatherium_spawn_egg":1,"minecraft:lime_glazed_terracotta":239},"minecraft:picked_up":{"born_in_chaos_v1:corpse_maggot":5,"minecraft:feather":1,"born_in_chaos_v1:monster_flesh":2,"minecraft:jungle_log":1,"born_in_chaos_v1:dark_grid":1,"regions_unexplored:salmon_poppy_bush":4,"minecraft:gunpowder":4,"minecraft:string":1,"minecraft:dirt":775,"regions_unexplored:poppy_bush":1,"born_in_chaos_v1:monster_skin":2,"minecraft:bone":7,"minecraft:blue_orchid":1,"minecraft:orange_tulip":1,"minecraft:wheat_seeds":4,"twigs:pebble":2,"minecraft:iron_ingot":1,"born_in_chaos_v1:gnawed_bones":2,"justenoughdrugz:weed_seed":1,"iwannaskate:skateboard":1,"minecraft:mangrove_log":2,"spawn:rotten_trapdoor":1,"regions_unexplored:day_lily":2,"minecraft:spruce_sapling":1,"minecraft:bundle":1,"minecraft:arrow":3,"minecraft:rotten_flesh":3,"soulslikeuniverse:estusflask":2,"minecraft:peony":1,"untamedwilds:trap_cage":1,"minecraft:glowstone":1,"alexsmobs:maggot":2,"minecraft:cobblestone":1,"minecraft:sunflower":12},"minecraft:killed":{"born_in_chaos_v1:barrel_zombie":1,"spawn:hamster":1,"unusualprehistory:megatherium":1,"minecraft:pig":1,"born_in_chaos_v1:zombie_lumberjack":1,"born_in_chaos_v1:swarmer":1,"aether:golden_swet":1,"minecraft:spider":1,"minecraft:creeper":3,"born_in_chaos_v1:maggot":1,"minecraft:skeleton":2,"aether:zephyr":1,"born_in_chaos_v1:bloody_gadfly":1,"what_gecko:bearded_dragon":1,"minecraft:zombie":2,"born_in_chaos_v1:dread_hound":4,"born_in_chaos_v1:corpse_fly":1,"alexsmobs:crow":1},"minecraft:dropped":{"easy_npc:easy_npc_wand":1,"minecraft:wheat_seeds":3,"born_in_chaos_v1:dark_grid":1,"minecraft:lime_wool":1,"minecraft:oak_fence":1,"minecraft:grass_block":1,"minecraft:dirt":192,"aether:chainmail_gloves":2,"spawn:rotten_trapdoor":1,"minecraft:black_wool":1,"minecraft:spruce_sapling":1}},"DataVersion":3465}