{
  "create:root": {
    "criteria": {
      "0": "2024-05-13 22:44:45 -0400"
    },
    "done": true
  },
  "soulslikeuniverse:soulslikeuniverse": {
    "criteria": {
      "soulslikeuniverse": "2024-05-13 22:44:45 -0400"
    },
    "done": true
  },
  "what_gecko:what_the_geck": {
    "criteria": {
      "what_the_geck": "2024-05-13 22:44:45 -0400"
    },
    "done": true
  },
  "kom:king_of_the_mobsters": {
    "criteria": {
      "king_of_the_mobsters": "2024-05-13 22:44:45 -0400"
    },
    "done": true
  },
  "weaponmaster:parts/root": {
    "criteria": {
      "crafting_table": "2024-05-13 22:44:45 -0400"
    },
    "done": true
  },
  "irons_spellbooks:grant_patchouli": {
    "criteria": {
      "tick": "2024-05-13 22:44:53 -0400"
    },
    "done": true
  },
  "eeeabsmobs:eeeabsmobs/root": {
    "criteria": {
      "requirement": "2024-05-13 22:44:53 -0400"
    },
    "done": true
  },
  "incendium:technical/new_player": {
    "criteria": {
      "requirement": "2024-05-13 22:44:53 -0400"
    },
    "done": true
  },
  "cataclysm:root": {
    "criteria": {
      "custom_test_name": "2024-05-13 22:44:53 -0400"
    },
    "done": true
  },
  "incendium:technical/sentrys_wrath": {
    "criteria": {
      "log_spam_fixer": "2024-05-13 22:44:55 -0400"
    },
    "done": false
  },
  "incendium:technical/on_kill": {
    "criteria": {
      "log_spam_fixer": "2024-05-13 22:44:55 -0400"
    },
    "done": false
  },
  "incendium:technical/on_inventory_change": {
    "criteria": {
      "log_spam_fixer": "2024-05-13 22:44:55 -0400"
    },
    "done": false
  },
  "incendium:technical/holy_wrath": {
    "criteria": {
      "log_spam_fixer": "2024-05-13 22:44:55 -0400"
    },
    "done": false
  },
  "incendium:technical/on_block": {
    "criteria": {
      "log_spam_fixer": "2024-05-13 22:44:55 -0400"
    },
    "done": false
  },
  "incendium:technical/feed_ghastling": {
    "criteria": {
      "log_spam_fixer": "2024-05-13 22:44:55 -0400"
    },
    "done": false
  },
  "incendium:technical/inventory/firestorm": {
    "criteria": {
      "log_spam_fixer": "2024-05-13 22:44:55 -0400"
    },
    "done": false
  },
  "incendium:technical/give_ghastling": {
    "criteria": {
      "log_spam_fixer": "2024-05-13 22:44:55 -0400"
    },
    "done": false
  },
  "incendium:technical/multiplex_crossbow": {
    "criteria": {
      "log_spam_fixer": "2024-05-13 22:44:55 -0400"
    },
    "done": false
  },
  "incendium:technical/using/ragnarok": {
    "criteria": {
      "log_spam_fixer": "2024-05-13 22:44:55 -0400"
    },
    "done": false
  },
  "regions_unexplored:regions_explored": {
    "criteria": {
      "silver_birch_forest": "2024-05-13 22:47:00 -0400",
      "poppy_fields": "2024-05-13 22:46:58 -0400",
      "grassy_beach": "2024-05-14 18:32:47 -0400",
      "flower_fields": "2024-05-13 22:46:49 -0400",
      "rainforest": "2024-05-13 22:44:55 -0400"
    },
    "done": false
  },
  "regions_unexplored:pioneer": {
    "criteria": {
      "silver_birch_forest": "2024-05-13 22:47:00 -0400",
      "poppy_fields": "2024-05-13 22:46:58 -0400",
      "grassy_beach": "2024-05-14 18:32:47 -0400",
      "flower_fields": "2024-05-13 22:46:49 -0400",
      "rainforest": "2024-05-13 22:44:55 -0400"
    },
    "done": false
  },
  "incendium:technical/on_player_hurt": {
    "criteria": {
      "log_spam_fixer": "2024-05-13 22:44:55 -0400"
    },
    "done": false
  },
  "incendium:technical/using/shield": {
    "criteria": {
      "log_spam_fixer": "2024-05-13 22:44:55 -0400"
    },
    "done": false
  },
  "tombstone:adventure/root": {
    "criteria": {
      "auto": "2024-05-13 22:44:55 -0400"
    },
    "done": true
  },
  "regions_unexplored:parent": {
    "criteria": {
      "load_in_world": "2024-05-13 22:44:55 -0400"
    },
    "done": true
  },
  "incendium:technical/inventory/sentrys_wrath": {
    "criteria": {
      "log_spam_fixer": "2024-05-13 22:44:55 -0400"
    },
    "done": false
  },
  "incendium:technical/firestorm": {
    "criteria": {
      "log_spam_fixer": "2024-05-13 22:44:55 -0400"
    },
    "done": false
  },
  "incendium:technical/scroll_of_returning": {
    "criteria": {
      "log_spam_fixer": "2024-05-13 22:44:55 -0400"
    },
    "done": false
  },
  "incendium:technical/using/trailblazer": {
    "criteria": {
      "log_spam_fixer": "2024-05-13 22:44:55 -0400"
    },
    "done": false
  },
  "minecraft:adventure/adventuring_time": {
    "criteria": {
      "minecraft:sunflower_plains": "2024-05-13 22:46:38 -0400",
      "minecraft:beach": "2024-05-15 20:03:56 -0400",
      "minecraft:cold_ocean": "2024-05-14 16:03:02 -0400",
      "minecraft:forest": "2024-05-14 14:01:16 -0400",
      "minecraft:ocean": "2024-05-13 22:45:47 -0400",
      "minecraft:plains": "2024-05-13 22:45:48 -0400"
    },
    "done": false
  },
  "dungeons_arise:wda_root": {
    "criteria": {
      "WDA": "2024-05-14 14:00:55 -0400"
    },
    "done": true
  },
  "naturescompass:natures_compass_sapling": {
    "criteria": {
      "has_sapling": "2024-05-14 14:41:02 -0400"
    },
    "done": true
  },
  "naturescompass:natures_compass": {
    "criteria": {
      "has_recipe": "2024-05-14 14:41:02 -0400"
    },
    "done": true
  },
  "naturescompass:natures_compass_log": {
    "criteria": {
      "has_recipe": "2024-05-14 14:41:02 -0400"
    },
    "done": true
  },
  "minecraft:adventure/kill_a_mob": {
    "criteria": {
      "minecraft:creeper": "2024-05-14 15:23:52 -0400"
    },
    "done": true
  },
  "minecraft:adventure/kill_all_mobs": {
    "criteria": {
      "minecraft:skeleton": "2024-05-14 18:31:23 -0400",
      "minecraft:spider": "2024-05-17 16:47:07 -0400",
      "minecraft:creeper": "2024-05-14 15:23:52 -0400",
      "minecraft:zombie": "2024-05-14 18:31:10 -0400"
    },
    "done": false
  },
  "minecraft:adventure/root": {
    "criteria": {
      "killed_something": "2024-05-14 15:23:52 -0400"
    },
    "done": true
  },
  "golf:serious_golfing": {
    "criteria": {
      "serious_golfing": "2024-05-14 17:53:59 -0400"
    },
    "done": true
  },
  "minecraft:adventure/throw_trident": {
    "criteria": {
      "shot_trident": "2024-05-14 18:31:04 -0400"
    },
    "done": true
  },
  "casinocraft:recipes/decorations/wool_lime": {
    "criteria": {
      "has_wool": "2024-05-14 19:04:22 -0400"
    },
    "done": true
  },
  "casinocraft:recipes/decorations/wool_black": {
    "criteria": {
      "has_wool": "2024-05-14 19:05:00 -0400"
    },
    "done": true
  },
  "what_gecko:doyouneedabarber": {
    "criteria": {
      "doyouneedabarber": "2024-05-15 19:54:53 -0400"
    },
    "done": true
  },
  "iwannaskate:iwannaskate/skateboard": {
    "criteria": {
      "item_criteria": "2024-05-15 19:58:39 -0400"
    },
    "done": true
  },
  "iwannaskate:iwannaskate/root": {
    "criteria": {
      "item_criteria": "2024-05-15 19:59:05 -0400"
    },
    "done": true
  },
  "iwannaskate:iwannaskate/novelty_wheels": {
    "criteria": {
      "item_criteria": "2024-05-15 19:59:05 -0400"
    },
    "done": true
  },
  "DataVersion": 3465
}